{
  "best_value": 6.268550142687378,
  "best_params": {
    "learning_rate": 5.6115164153345e-05,
    "entropy_coef_start": 0.19063571821788408,
    "entropy_coef_end": 0.036867703148758854,
    "max_grad_norm": 6.387926357773329,
    "clip_epsilon": 0.1312037280884873,
    "value_loss_coef": 0.2403950683025824,
    "batch_size": 256,
    "ppo_epochs": 12,
    "weight_decay": 1.1527987128232402e-06,
    "seq_len": 16,
    "lstm_hidden": 384,
    "lstm_layers": 2,
    "lstm_dropout": 0.12958350559263473,
    "actor_hidden": 128,
    "critic_hidden": 256,
    "activation": "relu",
    "encoder_type": "lstm",
    "passenger_delivered": 64.67903667112945,
    "wait_time_per_sec": -0.04232641443407188,
    "empty_distance_per_floor": -0.09382009866639845,
    "assignment_dist_per_floor": -0.24823194196533382,
    "energy_per_start_stop": -0.0026840303793465928,
    "idle_penalty_per_sec": -0.003832053037670778
  }
}