{"mean": -0.2114942527261008, "var": 0.16968372220411548, "count": 126988.00000001}